Artist,Song
Jaydee,Plastic Dreams
Felix,Don't you want me
Age of love,Age of love
Underworld,Born Slippy
Grooveyard,Mary Go Wild
D.H.S.,The House Of God
Alice Deejay feat DJ Jurgen,Better Off Alone
Joey Beltram,Energy Flash
Moby,Go
Energy 52,Café del Mar
Faithless,Insomnia
Speedy J,Pull Over
Jones & Stephenson,The First Rebirth
Format #1,Solid Session
Prodigy,Charly
Human Resource,Dominator
Prodigy,Out of Space
Atlantic Ocean,Waterfall
Faithless,God Is A DJ
B.B.E.,Seven Days & One Week
Prodigy,No Good (Start The Dance)
Tiesto,Flight 643
Da Hool,Meet Her At The Love Parade
Armand Van Helden,You Don't Know Me
Prodigy,Android
T99,Anasthasia
Gat Decor,Passion
Capricorn (NL),20 Hz
Paul van Dyk,For An Angel
Fierce Ruling Diva,Rubb It In
LA Style,James Brown is dead
Paul Kalkbrenner,Sky & Sand
Prodigy,Smack My Bitch Up
Quadrophonia,Quadrophonia
Rene & Gaston,Vallee De Larmes
Donna Summer,I Feel Love
Speedy J,Something For your Mind
The Good Men,Give it up
Massive Attack,Unfinished Sympathy
Cygnus X,Superstring
Prodigy,Firestarter
Robin S,Show Me Love
Darude,Sandstorm
Public Energy (Speedy J),Three O Three
Three Drives On A Vinyl,Greece 2000
Jens,Loops And Tings
Armin van Buuren,This is what it feels like
Antiloop,In my mind
Cygnus X,The Orange Theme
D-Shake,Yaaah
A Homeboy A Hippie & A Funki Dredd,Total confusion 
Push,Universal Nation
Robert Miles,Children
Usura,Open your mind
Ultimate Seduction,Ultimate seduction
Klatsch!,Oh Boy
U96,Das Boot
Chemical Brothers,Hey Boy Hey Girl
Marco V,Simulated
Laurent Garnier,Man with the red face
C.L.S.,Can You Feel It?
Underworld,Dark And Long
Pancake,Don't Turn Your Back On Me
Mainx,88 To Piano
Joe Smooth,Promised Land
U96,Club bizarre
Faithless,We Come 1
Dance 2 Trance,Power of American natives
Jam & Spoon,Stella
Jaydee,Single Minded People
Morels Groove,Let's Groove (Morel's 4)
Armand Van Helden,Funk Phenomena
Ace the Space,Nine is a classic
Faithless,Salva Mea (Save Me)
Adamski Seal,Killer
Daft Punk,Around The World
LFO,LFO
A Guy Called Gerald,Voodoo Ray
Inner City,Good Life
Scoop,Drop It
Kadoc,The Nighttrain
Sasha,Xpander
Niels Van Gogh,Pulverturm
Sadomasy,Body Motion
Technotronic,Pump Up The Jam
Jeff Mills,The Bells
Der Dritte Raum,Hale Bopp
Lil' Louis,French Kiss
Nalin & Kane,Beachball
Prodigy,Everybody In The Place
Secret Cinema,Timeless Altitude
Stardust,Music Sounds Better With You
New Order,Blue Monday
Mark Van Dale & Enrico,Waterverve
Everything But The Girl & Todd Terry,Missing
SL2,On A Ragga Tip
Avicii,Levels
Humate,Love Stimulation (Paul van Dyk remix)
Tiesto,Adagio for Strings
Cappella,U got 2 know
KLF,What Time Is Love
Kernkraft 400,Zombie Nation
Wamdue Project,King Of My Castle
Aly-us,Follow Me
Deadmau5 & Kaskade,I Remember
Josh Wink,Higher State of Consciousness
Grooveyard,Watch Me Now
Leila K,Open Sesame
Felix,It 'll make me crazy
Future Sound Of London,Papua New Guinea
Westbam (aka Members of Mayday),Mayday Anthem
Clivilles & Cole,A Deeper Love
Outlander,The Vamp
Dennis Ferrer,Hey Hey
Moby,Feeling So Real
R.O.O.S.,Instant Moments
Mk,Burning
808 State,Pacific State
Armand Van Helden,Witch Doktor
CJ Bolland,Camargue
Mauro Picotto,Komodo
Carlos,The Silmarillia
Quazar,Seven Stars
N-Trance,Set You Free
Ultra Nate,Free
Nightcrawlers,The
Sil,Windows
Daft Punk,harder better faster stronger
DJ Jose & G-Spott,House of justice
Fisher (OZ),Losing It
Luvspunge,Didn't I Give You Love
Mr Oizo,Flat Beat
Inner City,Big Fun
S-Express,Theme from S-Express
Dj Jean & Peran,Let Yourself Go
Jam & Spoon,Right in the night
ATB,9PM
Cubic 22,Night in motion (partytime)
Southside Spinners,Luvstruck
Baby D,Let Me Be Your Fantasy
C & C Music Factory,Gonna Make You Sweat
Crystal Waters,Gypsy Woman
Jaydee,Music is so special
M/A/R/R/S,Pump Up The Volume
Motorcycle,As The Rush Comes
Wildchild,Renegade Master
3 Phase feat Dr Motte,Der Klang der Familie
Sash!,Encore Une Fois
Vincent de Moor,Flowtation
Kosheen,Hide U
Tiesto,Lethal Industry
Kristine W,Feel What You Want
808 State,Cubik
Rank 1,Such Is Life
Sash,Ecuador
Tiesto,Traffic
Ransom,My Dance
2 Unlimited,Get ready for this
Cassius,Cassius 99
Snap!,Rhythm Is A Dancer
Alcatraz,Giv Me Luv
Channel X,Rave The Rhythm
Guru Josh,Infinity
Tom Wilson,Technocat
Adam Beyer & Bart Skils,Your Mind
Carl Cox,I Want You (Forever)
Deee-Lite,Groove Is In The Heart
D*Note,Shed my skin
Deep Zone,It's Gonna Be Alright
2 B Continued,Laydown
Alice D in Wonderland,Time Problem
Jungle Brothers,I'll House You
Porn Kings,Up to No Good
Robert Owens,I'll Be Your Friend
Yves Deruyter,The rebel
Marmion,Schöneberg
Nomad,(I Wanna Give You) Devotion
Praga Khan,Rave Alarm
Snap!,The Power
Phats & Small,Turn Around
Apollo 440,Aint Talkin Bout Dub
Gigi D'Agostino,L' Amour Toujours
Marco V,Godd
Sunclub,Fiesta
Armin van Buuren,Shivers
Dj Jose G-Spott,Wrong = right
Stakker,Humanoid
Art of Trance,Madagascar
Daft Punk,One More Time
Praga Khan,Injected with a Poison
Emmanuel Top,Acid Phase
Golden Girls,Kinetic
O.T. Quartet,Hold that sucker down
Bomfunk MCs,Freestyler
Bucketheads,The Bomb (these sounds)
Fatboy Slim,Right Here
Prodigy,Voodoo People
PPK,Resurrection
Rozalla,Everybody's Free
Underworld,Rez
Veracocha,Carte Blanche
Armando,100% Dissin You
Delerium Ft. Sarah Mclachlan,Silence (DJ Tiesto mix)
Ida Engberg,Disco Volante
Shades of Rhythm,Musical Freedom (Wandering Dragon)
Prodigy,One Love
System-F,Out Of The Blue
Footclub,Driftwood
Gouryella,Gouryella
Shapeshifters,Lola's Theme
Dj Jean,The Launch
Urban Cookie Collective,The Key - Shute the Flute Remix
Soup,New York - London
Mark Knight & Funkagenda,Man with the Red Face
Cappella,Move on Baby
Cassius,Sound Of Violence
Rui Da Silva Featuring Cassandra Fox,Touch Me
Farley Jackmaster Funk Featuring Daryl Pandy,Love Can't Turn Around
Rotterdam Termination Source,Poing
Chicane,Offshore
D-Shake,Techno Trance
Paul van Dyk,We Are Alive
Eric Prydz,Pjanoo
Hithouse,Jack To The Sound Of The Underground
Tiesto,Suburban Train
Black Box,Ride On Time
Chestnut,Pot Of Gold
DJ Rob & MC Joe,The Beat is Flown
Eddie Amador,Housemusic
Solid Sessions,Janeiro
Fingers Inc.,Can You Feel It?
Olive,You're Not Alone
Cygnus X,Positron
Tori Amos,Professional Widow
Sequential,Psychotronic
Booming Support,De rode schoentjes
Dj Jose,Hesitate
Airscape,Cruising
Camisra,Let Me Show You
De'Lacy,Hide A Way
Fedde le Grand,Put your hands up for Detroit
Felix Da Housecat,Silver Screen (Shower Scene)
Glam,Hell's Party
Sasha & Emerson,Scorchio
Gusto,Disco's Revenge
Run D.M.C. Vs Jason Nevins,It's Like That
Svenson & Gielen,Beauty of Silence
Roger Sanchez,Another Chance
Benni Benassi,Satisfaction
Oxia,Domino
House Of Venus,Dish & Tell
Ramirez,Terapia
Rank 1,Awakening
TC 1992,Funky Guitar
Armin aka Perpetuous Dreamer,The Sound Of Goodbye
Bizarre Inc.,Playing With Knives
Cameo,Money (Reese mix)
Danny Tenaglia,Music Is The Answer
Green Velvet,Flash (camera's ready)
DJ Jurgen Featuring Karen Shenaz,Higher & Higher
Fragma,Toca's Miracle
Plastikman,Spastik
Blue Boy,Remember Me
Transformer 2,Pacific Symphony
Underworld,Cowgirl
Cappella,Everybody
Erick E,Beat is Rockin'
Nuke,Nana
Todd Terry,House is a feelin'
Ame,Rej
Basement Jaxx,Red Alert
Bodyrox,Yeah Yeah (D. Ramirez remix)
Gala,Freed From Desire
X-press 2,Muzik Xpress
Rank 1,Airwave
Bakermat,One Day (Vandaag)
Barthezz,On The Move
Camelphat,Cola
Duke,So In Love With You
Fatboy Slim,Praise You
Mory Kante,Yeké Yeké (Hardfloor remix)
Sander Kleinenberg,My Lexicon
De Bos,On the run
Ferry Corsten,Rock Your Body
G-Spott,NRG
Robert Armani,Ambulance
Aquastep,Oempa Loempa
Candi Staton and the Source,You Got The Love
Deep Forest,Sweet Lullaby
Frankie Knuckles,Whistle Song
Armin,Blue Fear
Tiga & Zyntherius,Sunglasses at night
Basement Jaxx,Where's Your Head At
CJ Bolland,Sugar is sweeter (Armand v Helden mix)
Iio,Rapture
Second Phase,Mentasm
Steve 'Silk' Hurley,Jack Your Body
Tomcraft,Loneliness
Course,Ready Or Not
Dominica,Got To Let You Go
S.O. Project,Direct Disco
Andronicus,Make you whole
Bass Boy,Let the Bass Be Louder
Cherrymoon Trax,The House of House
D-Shake,My Heart the Beat
Armin van Buuren,Blah Blah Blah
Safri Duo,Played-a-Live (The Bongo Song)
Green Velvet,La La Land
Livin' Joy,Dreamer
Cybersonik,Technarchy
Holy Noise,James Brown is still alive
Moby,Why does my heart feel so bad
Bob Marley vs Funkstar Deluxe,Sun Is Shining
Fast Eddy,Yo yo get funky
Mauro Picotto,Proximus
Opus III,It's A Fine Day
Cassius,Feeling for You
Daft Punk,Da funk
Pizzaman,Sex On The Streets
Westbam,Hold Me Back
Yves Deruyter,Calling Earth
Ferry Corsten,Punk
Mighty Dub Kats,Magic Karpet Ride
TC 1991,Berry
Underworld,Two Months Off
Chicane Featuring Bryan Adams,Don't Give Up
Cece Peniston,Finally
Fatboy Slim,Right Here
Studio X,Los Kings del Mambo (So in luv luv luv)
Radical Rob,Monkey Wah
Yahel,Voyage
Delerium Ft. Sarah Mclachlan,Silence
Dimitri & Jaimy,On a Discotrain
DJ Rob,Boys Interface
Edge of Motion,Set Up 707
Klangkarussell,Sonnentanz
Klatsch!,God Save The Queer
Quazar,Last Train To Paradise
Tiesto,Just Be
Daft Punk,Alive
Voodoo Child,Voodoo Child
Kai Tracid,Liquid Skies
4th Measure Men,4U
CRW,I feel love
Drax LTD II,Amphetamine
Eric Prydz,Call on Me
Fierce Ruling Diva,Atomic Slide (You Gotta Believe)
Liquid,Sweet Harmony
Avant Garde,Get Down
Dave Clarke,Red 2
Marshall Jefferson,Move Your Body
Fatboy Slim,Rockafellar Skank
Freemasons,Uninvited
Cosmic Gate,The Truth
Deep Dish,Flash dance
Svenson & Gielen,Twisted
Armani & Ghost,Airport
David Guetta,The World is mine
Cajmere,Brighter days
Dr. Kucho & Gregor Salto,Can't stop playing
Joey Beltram,My Sound
Airscape,L'Esperanza
Bassheads,Is There Anybody Out There (Just Get Up & Dance)
Black Box,Everybody Everybody
Bomb The Bass,Beat Dis
Shamen,Move Any Mountain
Dario G.,Sunchyme
Robert Armani,Circus Bells
Phantasia,Inner Light
Frank de Wulf (B-Sides),The Tape
Klubbheads,Klubbhopping
Laidback Luke,Rocking with the best
Ruffneck Featuring Yavahn,Everybody Be Somebody
Warp 9,Whammer Slammer
187 Lockdown,Kung-Fu
Adeva,Respect
Alec Empire,SuEcide
Delerium,Innocente (Tiesto remix)
David Guetta & Kid Cudi,Memories
Eric Nouhan & Dimitri,Given Flowers (4U)
Guru Josh,Infinity 2008
Hardrive,Deep inside
Kosmonova vs Fiocco,Celebrate
René & Gaston,Conte de Fees
Space Traxx,Atomic Playboy
T.F.X.,Deep inside of me
Acen,Close Your Eyes (Optikonfusion!)
Axwell,Feel the vibe
Chuckie,Let the Bass Kick
Dash Berlin,Till the Sky falls down
Mylo,Drop The Pressure
Underworld,Skyscraper (I love you)
Alex Party,Saturday night Party
Artful Dodger Featuring Craig David,Rewind (The Crowd Say Bo Selecta)
Aphex Twin,Window Licker
Barbarella (Sven Väth),My name is Barbarella
Pete Heller,Big Love
Binary Finary,1999'
Moloko,Sing It Back
Bizarre Inc. Featuring Angie Brown,I'm Gonna Get You (Todd Terry)
Dave Clarke,Red 1
Sonique,It Feels So Good
Warp 69,Natural High
Layo & Bushwacka,Love Story
Air of Gloom,Meditation
Binary Finary,1998'
Funky Green Dogs,Fired Up
Heller & Farley Project,Ultra Flava
Kraze,The Party
Laserkraft 3D,Nein Mann
Kings Of Tomorrow Feat. Julie McNight,Finally
80 Aum,Mindcontroller
Club 69,Let me be your underwear
Slam,Positive Education
Reeloop,Fucking Society
Spymaster & Eric Nouhan,Spontaneous
Todd Terry Project,Weekend
Basement Jaxx,Fly Life
Chemical Brothers Featuring Q-Tip,Galvanize
Driftwood,Freeloader
Kosheen,Catch
Laurent Garnier,Wake up
Shamen,Ebeneezer Good
SL2,DJ's Take Control
Alexis Jordan,Happiness
Armin,Communication
Benny Benassi,Chris Brown
Club Royale,Loosing sleep
Disclosure,When a fire starts to burn
DJ Misjah & DJ Tim,Access
Orbital,Chime
Outhere Brothers,I Wanna Fuck U In The Ass
Paperclip People,Throw
Basement Jaxx,Samba Magic
Carl Craig,At Les
Edge,Compnded
Phantasia,Violet Skies
Axwell,I Found You
Blackwood,All I Gave To You
Chocolate Puma,I wanna be you
Funkerman,Speed Up
JX,Son of a gun
Eric Prydz,Opus
Reel 2 Real Featuring Mad Stuntman,I like to move it
Rhythim Is Rhythim,Strings Of Life
Storm,Storm
Todd Terry,Keep on jumpin'
Afro Medusa,Pasilda
Future Breeze,Why don't you dance with me
Jens (Glomb EP),Psycho Strings
Dubfire,Roadkill
Fog,the
Chemical Brothers,Block rockin’ beats
David Guetta feat. Sia,Titanium
Ferry Corsten,Fire
Hollis P. Monroe,I'm Lonely
Itchy & Scratchy,You Got Me Running
Laurent Garnier (Choice),Acid Eiffel
LFO vs F.U.S.E.,Loop
Robert Armani,Hit Hard
Katana,Fancy fair
Azzido Da Bass,Dooms Night
Bob Sinclar Featuring Gary Pine,Love Generation
CJ Bolland,Mantra
Disco Sluts,Full Flyte
Dj Melvin,L.O.I.S.
Krush,House Arrest
Monika Kruse,Latin Lovers
Armin van Buuren & Sharon den Adel,In and Out of Love
Phenomenia,Who Is Elvis?
Ramirez,Orgasmico
Spiller Featuring Sophie Ellis Bextor,Groovejet (If This Aint Love)
Deadkirks,Mr Kirk
Ten City,That's The Way Love Is
Tiesto Featuring BT,Love Comes Again
Brainbug,Nightmare
Camille Jones,The Creeps
Dave Angel,Airborne (Carl Craigs mix)
Dj Jean & Peran,I Give My Life
Furia II,Boy Pan
Kicks Like a Mule,The Bouncer
Laidback Luke,We can not get enough (Dance Valley 2003)
Mark van Dale & Klubbheads DJ Team,Raise your hands up (in the air)
Mr Jack,Only House Music
Team Deep,Morninglight
2 Men Will Move You,Goodbye Thing
Alan Braxe & Fred Falke,Intro
Celvin Rotane,I believe
DJ René & Peran,Give It to Me
Meng Syndicate,Sonar System
Fatboy Slim & Beardyman,Eat
Narcotic Thrust,Safe from Harm
Soulsearcher,Can't Get Enough
Members of Mayday,10 in 01 (Paul van Dyk remix)
X-press 2,Londen Xpress
Disclosure feat. Aluna George,White Noise
Ida Corr,Let Me Think About It
Lemon 8,Model8
Michael Gray,Weekend
Paul Oakenfold,Southern Sun
Nightwriters,Let The Music (Use You)
Rolando The Aztek Mystic,Knights of the Jaquar
Sueno Latino,Sueno Latino
Swedish House Mafia,One
Frankie Knuckles,Your Love [You Got The Love Remix]
Push,Strange World
Blunted Dummies,the
Toxic 2,Rave Generator
Armin van Buuren feat. Justine Suissa,Burned With Desire
Laurent Garnier,Crispy Bacon
Sven van Hees,Bellydancer
R.F.T.R.,Extrasyn
Remy & Sven,Piano Power
49er's,Touch Me
Reflekt,Need to Feel Loved
Bump,I'm Rushing
A.T.G.O.C,Repeated Love
Epsylon 9,Lifeformation
Camelphat & Au/ra,Panic Room
Hardfloor,Hardfloor Acperience
Chanelle,Work that body
Altern8,Activ8
Kolsch,Grey
Armand Van Helden,My My My
Bastian,Got My Love
Cool Jack,Jus Come
Ernesto Vs Bastian Featuring Susana,Dark Side Of The Moon
Moby,Natural Blues
Mr Fingers,Closer
Original,the
Royal House,Can you party?
Strech & Vern,I'm Alive
X-press 2,Say what?
20 Fingers,Short Dick Man
Bob Sinclar & Steve Edwards,World Hold On
Chocolate Puma,Always and forever
Booty Luv,Boogie 2 Nite
Dr. Kucho,Lies To Yourself
4 Tune 500,Dancing In The Dark
Chez Damier,Can you feel it?
Frank de Wulf (B-Sides),Magic Orchestra
Freestylers,Push Up
Green Velvet,Destination Unknown
Samim,Heater
Frequency,Kiss the Sky
Size 9,I am ready
South Street Players,Who Keeps Changing Your Mind
Toni di Bart,Real Thing
69 (Carl Craig),Rushed
Deep Dish,Dreams
Dvbbs & Borgeous,Tsunami
E&J (Eric Nouhan),Here we go again
G.T.O,Listen to the rhythm flow
Cache,Don't hurt me
Jonny L,Hurt You So (Alright)
JX,You belong to me
Klubbers Revenge,Mental Atmosphere
Modjo,Lady (Hear Me Tonight)
Pizzaman,Trippin' On Sunshine
Public Domain,Operation Blade
Noisefloor,Club System
Ferry Corsten,Barbers Adagio for strings
Winx (Josh Wink),Don't Laugh
Ramirez & Pizarro,Hablando
Dave McCullen,B*tch
Red Carpet,Allright
SIA,The Girl you Lost to Cocaine
Push,Till We Meet Again
Tamperer Featuring Maya,Feel It
A'Studio,SOS
Barbara Tucker,Beautiful People
Blue Lagoon,Sweetest Dream
Capricorn (UK),Taste
Groove Armada,Superstylin'
Armin van Buuren,Unforgivable
Hole in One,Life’s too short
Hypnotist,the
Joe Inferno,Tribal Church
Kellee,My Love
Livin' Joy,Don't Stop Movin'
Marcel Woods,Advanced
React 2 Rhythm,Intoxication
Sash! Featuring La Trec,Stay
St. Germain,Rose Rouge (I want you to get together)
Tim Berg (Avicii),Bromance
Yvette,Pump me
Alison Limerick,Where Love Lives
Groove Armada,I See You Baby
Basement Jaxx,Rendez-Vu
Bass Bumpers,The music's got me
Bon Garçon,Freak Me
C.M.,Dream Universe
Chicane Featuring Marie Brennan Of Clannad,Saltwater
Daft Punk feat. Nile Rodgers & Pharell Williams,Get Lucky
DJ Duke,Blow Your Whistle
KC Flight,Voices
Lil' Louis,Blackout
Natural Born Chillers,Rock The Funky Beats
Praise Cats,Shine On Me
Ron Trent,Altered States
Wubble U,Petal
Datura,Yerba del Diablo
Lil' Louis & Josh Wink,How’s your evening so far?
Confetti's,The sound of C
Moonman,Don’t Be Afraid
Tiesto,Elements of Life
Armin van Buuren,Sunburn
Dj Jean,U Got My Love
Set Up System,Fairy Dust
Barrio Debajo,Gotta Let Yourself Go
Avicii feat. Aloe Blacc,Wake me up
Eric Nouhan,Aquarius
SL2,Way In My Brain
Sonic Surfers,Beat of Zen
Yves Deruyter,To The Rhythm
Black & White Brothers,Put Your Hands Up In The Air
Break Boys,My House is Your House
Darude,Feel The Beat
David Guetta,When Love Takes Over
Emmanuel Top,Fusion
Hex,Allright to love
Kai Tracid,Life's Too Short
Martin Solveig,Dragonette
Michel de Hey vs Grooveyard,Compound
Olav Basoski FT. Michie One,Waterman
4 Strings,Take me Away
7 Grand Housing Authority,Love's got me high
Alex Gaudino & Crystal Waters,Destination Unknown
Basto,Gregory's Theme
Cosmic Gate,Fire Wire
Duck Sauce,Barbra Streisand
Fragma,Toca's Miracle (Inpetto mix)
Freaks,The Creeps
Jordan & Baker,Explode
Kay Merry Go Round,Tales From The Crib
LaTour,Blue
Lock 'n' Load,Blow Ya Mind
Marco V,Automanual
Set Up System,Factory
Ten Walls,Walking with elephants
Banji Boys,Love Thang
Chocolate Puma ft. Kris Kiss,Step Back
Deepest Blue,Deepest Blue
Eddy Flashing Fowlkes,Warwick (Remy & Sven remix)
Axwell,Angello
LDV,Climb the Wall
House Master Boyz,House Nation
King Bee,Trip To India
Lil' Louis,Club Lonely
Deep Dish,Say Hello
Wavecatcher,Flight DH 2126
Sven Väth,The Beauty and the beast
Tricky Disco,Tricky Disco
Moon,the
World Party II,Forget-it
Avicii,Addicted to you
Ayla,Ayla
Camelphat,Constellations
Deborah Wilson,Got to be free
Masters at Work,Work
Dj Jean & Peran,Flair
Erick E,Boogie Down
Joris Voorn,Incident (Miyagi)
Kid Cudi & Crookers,Day 'n Nite
Armand van Helden,My My My (2006 remix)
Bingo Players,Cry (Just a Little)
Marco Carola,Avalanche
David Morales Presents The Face,Needin' U
Natural Born Grooves,Forerunner
Mauro Picotto,Verdi
Underworld,King Of Snake
Phuture,Acid Trax
Apollo 440,Krupa
Ramirez,La Musica Tremenda
Secret Cinema,Masculinity
Black Legend,You See The Trouble With Me
CJ Bolland,Horsepower (Ravesignal III)
Exposure,Party Claps
Fatboy Slim & Fedde Le Grand,Praise You 2009
J.C.A./ Dannii Minogue,I Begin To Wonder
System-F feat. Armin van Buuren,Exhale
Kym Sims,Too blind to see it
Joy Kittikonti,Joy energizer
Sonic Solution,On the move
Junior Jack,E Samba
Mike Dunn,Magic Feet
Moloko,The Time Is Now
Oliver Heldens,Gecko
Pleasant Chemistry,Violins
Serious Danger,Deeper
Umek,Gatex
Westbam,Celebration Generation
Blue Lagoon,Let the music hypnotize you
D-Shake,Interstellar Overdrive
Quazar,Here And Now
Funky Green Dogs,Reach For Me
Galantis,Runaway (You & I)
Gregory Porter,Liquid Spirit (Claptone remix)
Fast Eddy,Acid Thunder
Hani,Baby Wants To Ride
M People,Movin' On Up
Mix Masters,In The Mix
Rainbox,Seed
Humate,3.1
Sidney Samson,Riverside
Tellurians,The Navigator
UBQ Project,When I fell in love
Artemesia,Bits & Pieces
Armin van Buuren feat. Mr. Probz,Another You
Quintino & Sandro Silva,Epic
LSG,Hidden Sun of Venus
Chad Jackson,Hear the Drummer (Get Wicked)
Purple Disco Machine,Dished (Male Stripper)
André Michelle,A2 (Binatone)
Remy,Backstabber
Dr. Baker,Kaos
Fake Blood,Mars
Freeloaders,So Much Love to Give
Inner City,Pennies From Heaven
Martin Solveig & GTA,Intoxicated
Junkie XL,Red pill blue pill
Novy vs Eniac,Superstar
Olga,I'm a bitch
Petra & Co,Laat je Gaan/Just let Go
Ramon & Theo,Wet Summernight
Ricky L feat. M:ck,Born Again (Balearic Soul Remix)
Utah Saints,Something Good
187 Lockdown,Gunman
Armin van Buuren feat. Ray Wilson,Yet Another Day
Bushwacka,Billy Jean
Chubby Chunks,Testament Vol 1
Gypsymen (Todd Terry),Babarabatiri
Justice vs. Simian,We Are Your Friends
Kraak & Smaak,Squeeze Me
M.A.N.D.Y (aka Booka Shade),Body Language
Mario Piu,Communication (Somebody Answer The Phone)
Missy Elliott,Get Your Freak On
Nighttripper,the
Ones,the
Reese Project,I Believe
Sander van Doorn,Back by Dope Demand 2007
Soul Providers,Rise
Cool Lemon,Cool Lemon
Stonebridge Featuring Therese,Put 'Em High
Tim Deluxe Featuring Sam Oberdink,It Just Won't Do
Tronikhouse,Uptempo
Two Pieces,Magic Bells
Calvin Harris,I'm not alone (Camelphat remix)
Daft Punk,Rollin' & Scratchin'
DJ Pierre,Let the Music Take you Higher
Bjorn Svin,Mand over Bord
DJ Supreme,Tha Wildstyle
Frank O'Moiraghi / Amnesia,Show Me (Spacer)
Lil' Mo Yin Yang,Reach
Mason,Exceeder
Paul Johnson,Get Get Down
Reese & Santonio,Rock to the beat
Slo Moshun,Bells of New York
DJPC,Insomniak
Till West & DJ Delicious,Same Man
Afrojack & Eva Simons,Take Over Control
Alëem,Felix Yo
Billie Ray Martin,Your Loving Arms
Dial M For Moguai,Beatbox
System-F,Cry
G.T.O.,Pure [Pure Energy]
Haze,Freak
Bellini,Samba di Janeiro
Martin Solveig,Rocking Music
Orb,Little Fluffy Clouds
Ruff Driverz pres. Arrola,Dreaming
Boris Dlugosch,Never Enough
D-Mob Featuring Gary Haisman,We Call It Acieed
Different Gear,Drink to get drunk
Armin van Buuren,Ping Pong
Quench,Dreams
G-Spott,Sadness
FPI Project,Rich In Paradise
A.T.F.C. feat OnePhatDiva,In and out of my life
Studio Killers,Ode to the Bouncer
Bob Sinclar,Gym Tonic
Sylver,Turn The Tide
Shakedown Featuring Terra Deva,At Night
Way Out West Featuring Joanna Law,The Gift
Eric Prydz,Generate
Maceo Plex,Falling
Goldtrix Presents Andrea Brown,It's Love (Trippin')
JX,There's Nothing I Won't Do
Negrocan,Cada Vez
Michel Cleis,La Mezcla
Cidinho & Doca,Rap das Armas (para papa) (Quintino remix)
Vengaboys,Up and Down
Natural Born Grooves,Groovebird
Spankox,To the Club
Supermen Lovers,Starlight
Rachmad Project 1,Just Having Fun
Zedd feat. Foxes,Clarity
Bob Sinclar,Feel For You
Lee Cabrera,Shake It (Move A Little Closer)
Solar Stone,Seven Cities
Naomi Daniel (Deep Dish),Burning
Bicep,Glue
In-Sync,Storm
Secret Cinema,Straight Forward
Dada Life,Great Fashionista Swindle
Dajae,U got me up
Duke Dumont,Need U (100%)
Empire of the Sun,Walking on a Dream
Peter Gelderblom & Rene Amesz,Waiting 4
Duke Dumont,Ocean Drive
Silvio Ecomo,No Dip
DOP,Here I go
Aurora Borealis,The Milky Way
Burak Yeter,Tuesday
Deadmau5,Faxing Berlin
Poltergeist,Vicious Circles
Avicii & Nicky Romero,I could be the one
Josh Wink,Freak
Kamaya Painters,Endless wave
Lisa Lisa & Cult Jam,Let The Beat Hit 'Em
Mac Zimms,L'Annonce des Couleurs
Eric Kupper,Planet K
Me and Jack,Viva House
Leftfield & Lydon,Open Up
Precious X Project,Dukkha
Boris Dlugosch,Keep Pushin
Quazar,Cycledrops
Storm,Time To Burn
Wankelmut,One Day (The Reckoning song)
Armin van Buuren & Jacqueline Goovaerts,Never say Never
Blast,Crazyman
Mylo,In Your Arms
Calvin Harris & Dua Lipa,One Kiss
Avicii & Sebastien Drums,My feelings for you
Castle Trancelott,Indoctrinate
Dirty South,Let it Go
Far East Movement,Like a G6
Eric Nouhan,Palmyra
Fatboy Slim Featuring Roland Clark,Star 69 (What The Fuck!)
Guaranteed Raw,Get a load of this
Inner City,Ahnongay
Leftfield,Storm 3000
Perpetual Motion,Keep On Dancing (Let's Go)
Revelation,First Power
4 Hero,Mr. Kirk's Nightmare
Mole People (aka Armand van Helden),Break Night
Kay & Fisher,Continental Drift (CRIB 010)
Dance Nation,Sunshine
DB Boulevard,Point Of View
Eelke Kleijn,Ein Tag Am Strand
One Tribe feat Gem,Is This All?
Timo Maas,Ubik
Roger Sanchez Featuring GTO,Turn On The Music
Freestylers,Ruffneck
Niels van Gogh,Pulverturm (Tiesto's Big Room Remix)
Green Velvet,Shake & Pop
Jam & Spoon Featuring Plavka,Find Me
Moony,Dove (I'll Be Loving You)
Jesus loves you,Generations of love
Kiesza,Hideaway
Remy,Oxagene
Mousse T Vs Hot 'n' Juicy,Horny
Perry & Rhodan,Beat just goes straight
Shaft,(Mucho mambo) Sway
Untouchables,Dance to the rhythm
Xpansions,Move Your Body (Elevation)
M.N.O.,God of Abraham
4 Strings,Diving
Audio Bullys,We Don’t Care
Eddy Flashing Fowlkes,Warwick
Eric Prydz,Proper Education
F.U.S.E.,Substance abuse
Fat Boy Slim & Funkagenda,What the Fuck
Hi-Gate,Pitchin' (In Every Direction)
LSG,Netherworld
Michel de Hey vs Secret Cinema,Another sweater
DJ Hell,My Definition of House Music
PM Project,I Know I Want You
Röyksopp,What Else Is There?
Sil,Villa Ducato
Paul van Dyk,Another way
Deep Dish presents Prana,The Dream
Avicii,Hey Brother
Steve Poindexter,Work that Mutha F________
Bob Sinclar,The Beat Goes On
Phuture,Rise from your grave
Chris Lake,Changes
Steve Angello,Laidback Luke & Robin S.
Todd Terry,Jazz Anthem
Mount Rushmore,I got the music in me
Beat Freak,Looptrick
Avicii,Silhouettes
Derb,Derb
Bizarre Inc.,Such A Feeling
Coco Steel & Lovebomb,Feel It
Movin' Melodies,P.A.R.T.Y.
Freemasons feat. Amanda Wilson,Love On my mind
Gregor Salto,Looking Good
Filterfunk,SOS (Message In The Bottle)
Itty Bitty Boozy Woozy,Tempo Fiesta
DJ Tonka,Radical Noise
Frank de Wulf (B-Sides),Moribund
Michael Bibi,Hanging Tree
Reinier Zonneveld,Things we might have said
Joe T Vanelli,Play with the Voice
Sillicone Soul,Right On
Dj Jose,Stepping to the beat
Paul T,Can I Get Some? (Cocaine)
Jurgen Vries,The theme
Napoleon,Softcore ep
Liberty City,Some Lovin'
2000 and One,Tropical Melons
LSG,My time is yours
Rose,the (Godzilla Project)
Planet Funk Featuring Auli Kokko,Chase The Sun
Deep Swing,In the music
Masters At Work Featuring India,To Be In Love
Stuart,Free
Metro Dade,The Andor Voyage
Mike Dunn Presents MD-Express,God Made Me Phunky
Plexus,Cactus Rhythm
Calvin Harris & Disciples,How deep is your love
Point Blank,Meng's Theme
Dust Brothers,Chemical Beats
Hands Burn,Good Shot
Tones Energy,Phantasm (mannetje-vrouwtje)
Trance Induction,Extra Terrestrial Welcome Song
X-Static,I'm Standing
Yves Larock,Rise Up
2 Fabiola,The Milkyway
Adonis,No Way Back
Axwell ^ Ingrosso,Sun is shining
Cevin Fisher's Big Break,The Freaks Come Out
David Guetta,Love
Cubic 22,Rave The Reflex
DK8,Murder was the bass
Ian van Dahl,Castles in the sky
Kenny 'Dope' Gonzales pres Axxis,All I'm asking
Lana Del Rey,Summertime Sadness (Cedric Gervais remix)
Ohm,Tribal Tone
Westbam,Monkey say
Rune,Calabria
Mato Grosso,Thunder
Chez Damier,Untitled (KMS 049)
Audio Bullys ft. Nancy Sinatra,Bang Bang (Shot you down)
Cirez D,Glow
DJ Duke,Party Time
Filterheadz,Yimanya
Mr. Probz,Waves (Robin Schulz remix)
Maurice,This Is Acid
Simple Symphonies,Quest of Thousands
Benjamin Bates,Whole
Armando (Chicago Bad Boy),House Music All Night Long
Brad Carter,Morning always comes too soon
Peach,the
Doug Lazy,Let it Roll
Scott Garcia,It's a London Thing
Katana,In Silence
Hardhead (Armand van Helden),New York Express
Billy Hendrix,Bodyshine
2 Guys,Deep Blue Night (Pleasures EP)
Jambo,Drumattack
Raven Maize,The real life
Lidel Townsell,Nu Nu
Sasha,A Key to Heaven for a Heavenly Trance
Wildchild Experience,Bring it on Down
Fedde le Grand,Just Trippin'
Dubtribe,Mother Earth
BKS,I'm in love with you
Serpico,Just Can't Stop
Zero-B,Lock Up
Format B,Chunky
Carpe Diem,Snake Charmer
Bob Sinclar,Kiss My Eyes
DJ Creator,Kiss Me
Lustral,Everytime (Nalin & Kane Remix)
Lost Frequencies,Are you with me
Digital Boy,Ok
R Tyme,Use me
Edwards World,Soul Roots
Phuture,We Are Phuture
Sneaker Pimps,Spin Spin Sugar (Armand van Helden mix)
Stereo MC's,Step it up
Sound Design,Happiness
Todd Terry Featuring Jocelyn Brown & Martha Wash,Something Goin' On
Suburban Knight,The Art of Stalking
Three Drives On A Vinyl,Sunset On Ibiza
Sound Factory,Understand this groove
Power of Beauty,House of Lords
Noir,Haze
Ian Carey,Keep On Rising
Danube Dance,Unique
Todd Terje,Inspector Norse
Rhythm On The Loose,Break Of Dawn
G Club pres Banda Sonora,Guitarra G
Devilfish,Man Alive
Disco Blu,Disco Blu
Peggy Gou,Starry Night
S Factor,Soundbytes
Roc & Kato,Jungle Kisses
